cohort,customers,W0,W1,W2,W3,W4,W5,W6,W7
2026-01-05,235,1.0,0.7404,0.6723,0.6511,0.5915,0.5574,0.5319,0.4468
2026-01-12,225,1.0,0.6978,0.6089,0.5867,0.5822,0.4489,0.4622,0.4
2026-01-19,200,1.0,0.68,0.655,0.655,0.615,0.54,0.515,0.485
2026-01-26,222,1.0,0.6847,0.6982,0.6486,0.6081,0.5,0.4324,0.4009
2026-02-02,216,1.0,0.7917,0.6806,0.625,0.5833,0.5602,0.4861,0.4444
2026-02-09,206,1.0,0.7039,0.699,0.6893,0.5971,0.5825,0.5243,
2026-02-16,202,1.0,0.7178,0.6238,0.5941,0.599,0.495,,
2026-02-23,210,1.0,0.7,0.681,0.5619,0.581,,,
2026-03-02,240,1.0,0.725,0.6792,0.6208,,,,
2026-03-09,39,1.0,0.7436,0.5897,,,,,
