week,active_customers,calls,ai_handling_share,ai_adoption_rate
2026-01-05,2374,4380,0.04178082191780822,0.0356
2026-01-12,2538,4663,0.06862534848809779,0.0736
2026-01-19,2456,4451,0.10784093462143339,0.113
2026-01-26,2518,4552,0.14389279437609842,0.153
2026-02-02,2505,4603,0.17314794699109276,0.189
2026-02-09,2585,4812,0.20947630922693267,0.226
2026-02-16,2500,4620,0.20367965367965368,0.2412
2026-02-23,2501,4600,0.21043478260869566,0.2576
2026-03-02,2498,4741,0.20734022358152288,0.2698
2026-03-09,2388,4404,0.21003633060853769,0.2832
2026-03-16,2302,4235,0.24439197166469895,0.2906
2026-03-23,2249,4199,0.25887115979995234,0.3028
